portnumber,accnumber,locnumber,loss_gul,loss_il
1,1,1,1170000.0,735294.0900000001
1,1,2,2780000.0,1764705.8900000001
